,split
0,"255,435,690,740,900,001,003,423"
1,"706,033,923,740,001"
2,"706,033,923,740,001"
3,"706,033,923,740,001"
4,"706,033,923,740,001"
6,"235,705,033,845,407,321,407"
7,"235,705,033,845,407,321,407"
8,"235,705,033,845,407,321,407"
9,"235,705,033,845,407,321,407"
10,"235,705,033,845,407,321,407"
11,"235,705,033,845,407,321,407"
13,"235,705,033,845,407,321,407"
14,"235,705,033,845,407,321,407"
15,"003,421,176,100,740,790"
16,"003,421,176,100,740,790"
17,"003,421,176,100,740,790"
19,"231,017,585,095,520,032,407"
20,"231,017,585,095,520,032,407"
21,"231,017,585,095,520,032,407"
22,"003,233,100,740"
23,"503,615,752,740"
24,"503,615,752,740"
25,"503,615,752,740"
26,"503,615,752,740"
27,"503,615,752,740"
28,"503,615,752,740"
29,"503,615,752,740"
30,"503,615,752,740"
31,"503,615,752,740"
32,"503,615,752,740"
33,"503,615,752,740"
34,"503,615,752,740"
35,"503,615,752,740"
36,"503,615,752,740"
37,"503,615,752,740"
38,"798,240,845,061,407"
39,"798,240,845,061,407"
40,"798,240,845,061,407"
41,"032,220,773,740"
42,"235,233,222,740"
43,"861,368,001,142,235/617,233,222,740"
44,"861,368,001,142,617"
45,"235,233,222,740"
46,"905,032,597,142,617"
47,"905,032,597,142,617"
48,"495,460,365,002,004,905/407,032,597,142,617"
49,"017,585,388,740"
50,"017,585,388,740"
51,"017,585,388,740"
52,"806,845,061,407,850,900,740"
53,"806,845,061,407,850,900,740"
54,"806,845,061,407,850,900,740"
55,"806,845,061,407,850,900,740"
56,"806,845,061,407,850,900,740"
57,"806,845,061,407,850,900,740"
59,"235,706,033,845,407,321,407"
60,"806,233,384,740"
64,"408,032,520,095,585,017,220"
67,"806,845,061,407,850,900,740"
69,"806,845,407,850,900,740"
71,"806,845,061,407,850,900,740"
74,"003,220,590,405,740"
76,"798,231,705,033,904,100,740"
80,"032,840"
83,"820,530,299,002,798,415,220,176,175,760,740"
84,"575,125,190"
86,"692,060,255,435,690,740,692,060,803,125/740,374,842"
87,"220,440,615,741,243,617"
88,"564,690,291,002,233,560,740"
89,"861,002,798,240,176,740,679"
90,"263,368,032,220,240,706,033,520"
93,"820,140,820,812,820,001,415,220,740,679"
96,"590,740,745,235,240,055,482,740"
97,"751,190,002,415,226"
98,"370,090,817,002,240,740,017,585,740"
100,"920,060,741,233,235,100,740"
101,"361,741,032,220,100,740,090"
102,"571,820"
103,"817,002,519,415,220,520"
104,"820,002,240,220,717,740"
105,"861,002,235,740,679"
106,"689,880,220,002,233,717,740"
107,"240,520"
109,"072,741,415,220,798,740"
110,"820,001,704,390"
112,"706,500,820,062,151"
113,"575,374,002,350,460,798,637/740,740,871"
114,"692,060,231,440,740"
118,"705,033,520,001,031,154"
119,"920,060,745,235,240,255,435,690,740"
120,"235,590,405,740"
121,"017,405"
122,"415,220,706,033,520"
123,"032,168,235,233,706,033,807,388,740"
124,"901,861,002,242,231,706,033,032,070,923,740"
125,"502,031,002,806,236,503,006,752,740"
127,"853,003,220,832,255,070,520"
128,"032,460,298,002,231,798,740"
131,"806,235,520"
135,"171,035,130,002,415,100,740"
136,"263,368,820,760,740"
140,"131,400"
141,"803,240,772,740"
142,"031,861,002,240,773,740"
143,"140,390,002,061,740"
144,"004,390,400"
146,"861,002,003,390"
147,"764,002,717,803,226"
148,"603,861,002,803,798,233,705,033,017,585,740"
151,"861,002,061,142,740"
155,"817,002,032,220,240,585,740"
156,"861,002,032,220,235,510,460,740"
157,"861,002,790,721,390"
158,"530,252,741,003,220,740,090"
159,"820,002,803,032,220,236,140,850,031"
160,"820,002,415,100,740"
161,"820,002,017,575,740"
162,"415,234"
163,"272,033,741,351,090,384,740"
164,"220,151"
165,"817,002,350,400,520"
166,"032,850,590,220/892,760,740,151"
167,"590,390,368,033,033"
168,"195,125,390,002,235,760,740"
172,"692,550,350,031,002,415,100,740,090"
173,"575,705,742,491,226"
174,"416,151"
175,"573,060,032,850,090"
177,"741,617,350,307"
178,"032,590,390,741,032,220,440,740"
180,"243,798,828/400"
181,"408,004"
182,"820,060,773,740"
185,"806,706,033,520"
186,"920,060,742,705,760,740"
187,"920,060,741,484,337,740"
188,"031,812,002,176,100,740"
189,"808,235,233,705,033,520"
190,"786,530,742,240,001,760,740"
191,"806,240,520"
194,"002,140,226"
199,"817,002,017,585,840,032,740"
200,"550,060,235,520,173"
202,"921,070,520"
203,"820,002,156,773,740"
204,"861,002,706,033,520"
205,"622,740,001,910,740"
206,"861,002,061,151"
207,"710,390,368"
208,"861,002,705,255,740"
209,"175,741,233,798,740"
211,"824,002,235,482,740"
215,"817,002,017,575,740,679"
216,"861,002,798,240,235,388,740"
217,"861,002,231,804"
218,"817,002,260,156"
219,"706,140,368"
221,"091,831,585"
223,"350,082,741,803,234"
225,"209,500,741,106"
226,"817,002,005,390"
228,"861,368,001,803,235,520"
230,"906,595,002,495,460,520"
231,"731,740"
232,"803,032,226"
233,"058,740"
234,"861,002,590,390,161"
235,"803,235,240,705,033,176,740"
236,"861,002,798,233,070,520"
237,"817,002,255,435,690,740"
238,"878,382,520"
240,"817,002,803,240,233,520"
242,"016,390"
243,"817,002,061,740"
244,"831,390,368"
247,"840,032,165,590"
249,"097,400"
251,"176,337,740"
252,"808,002,240,740,550,527"
253,"861,002,900,590,390,151"
255,"055,368,400"
256,"575,125,741,031,061,142,740"
257,"003,156"
258,"817,002,415,100,740"
259,"374,920,001,233,705,033,316,032"
265,"923,740"
266,"233,232,055,740"
267,"176,125,406"
268,"615,550,002,350,151"
269,"861,002,415,100,740"
270,"817,002,590,390,740,621"
271,"853,033,732,794,590,892"
272,"817,002,792,740,090"
273,"920,060,741,592"
274,"544,690,817,002,590,390,832,260,856"
275,"374,065,220,060,017,575,740"
276,"255,435,690,740"
278,"240,705,033,520"
279,"503,007,740"
280,"742,760,740"
281,"412,741,705,255,740"
283,"820,001,235,240,740,090"
285,"817,002,220,231,705,033,520"
286,"861,002,415,100,740"
287,"920,060,741,460,740"
288,"824,002,016,390"
289,"550,060,231,705,033,520"
290,"877,159,400"
291,"820,060,031,105"
293,"125,390,741,005,900,740"
294,"061,142,400,740"
295,"319,705,741,877,861,740"
298,"016,617"
301,"820,002,803,032,384,740"
302,"208,741,032,927,740"
305,"861,368,231,520,495,590,070,892"
306,"817,002,048,740"
307,"505,001,032,090,031,151"
308,"817,002,235,550,527"
309,"046,621"
310,"363,160,154"
311,"820,002,838,798,415,220,233,590,390,740"
312,"861,002,125,090"
314,"817,002,772,740"
317,"415,220,320,920,520"
318,"031,097,151"
319,"805,806,400"
320,"803,923,740"
321,"861,002,872,390"
322,"003,156"
323,"575,413,267"
324,"630,297,060,220,740,550"
328,"345,741,792,269,740"
330,"031,705,243"
332,"820,060,803,233,520"
333,"064,360,171,705,740"
334,"821,741,590,390,740"
335,"861,002,235,555,526"
336,"320,920,740"
337,"460,520"
338,"615,900,002,031,503,460,740"
339,"416,740"
340,"550,527"
341,"032,590,390,002,032,205,740"
344,"798,415,220,176,740"
345,"817,368,060,233,740,090"
346,"233,923,740"
347,"910,740"
348,"061,171,035,740,090,400"
349,"031,388,002,003,426"
352,"255,435,690,740"
353,"031,240,927,740"
355,"792,740"
356,"360,255,740,481"
357,"003,550,031,031"
358,"233,705,033,520,400"
359,"577,002,705,760,740"
360,"590,003,900,002,240,772,740"
361,"803,236,705,033,520"
362,"575,590,740,240,520"
363,"503,460,158,400"
364,"235,240,220,520"
365,"920,060,741,550,527"
366,"527,741,032,590,390,740"
367,"220,440,861,401"
368,"590,390,741,923,740"
369,"243,151"
371,"920,060,741,416,740"
372,"061,142,740"
373,"226,621"
374,"920,060,741,927,740"
375,"910,741,297,680"
376,"817,368,001,645,286"
377,"740,803"
378,"220,520"
379,"590,003,900,240/002,773,740"
380,"415,100,740,093,435,061,550,617,740"
381,"371,407,001,142,617"
382,"002,825,740"
385,"803,235,233,705,033,070,520"
386,"605,760,740"
387,"016,390"
388,"055,151"
390,"133,031,156"
391,"031,803,368"
392,"031,001,435"
393,"690,904,740"
394,"031,156"
396,"140,920,575,705,590"
397,"590,390,820"
400,"235,482,740"
401,"850,315,002,031,373,740"
428,"861,002,032,220,520"
434,"095,001,575,595,001,806,032,220,740,679"
444,"861,002,004,407"
460,"803,233,706,033,760,740"
461,"033,550,617"
462,"518,831,741,235,233,055,555,527"
466,"817,002,350,460,798,415,100,740"
467,"235,241"
468,"190,297,001,554,527"
469,"820,002,540,740"
470,"840,374,002,590,390,151"
472,"732,794,706,590,156,241"
474,"503,070,520,590,292,861"
475,"235,240,455,740"
476,"061,347,808"
479,"315,760,740"
481,"635,706,760,595,820,001"
482,"820,060,564,740"
486,"003,140,100,740"
487,"820,002,231,520"
488,"817,002,104,615,740"
489,"692,924,745,798,740"
490,"171,035,130,220/002,585,740"
491,"235,233,550"
492,"920,060,741,002,140,740"
493,"861,002,233,335,740"
494,"324,794,741,001,350/520,543,874"
495,"892,297,855"
497,"741,820,002,803,740"
501,"389,156"
503,"002,140,269,692/740,060"
504,"388,920"
505,"920,455,741,544/353,740"
0,"032,700"
1,"740,031,001,140"
2,"817,002,004,390"
4,"520,033,705,235,832,002,817"
5,"126,515,740"
8,"817,368,690"
9,"171,033,240,630,740"
10,"700,034"
11,"400,740,100,240"
12,"033,700"
13,"415,578,032,824"
14,"799,840,760,740"
16,"700,032"
17,"861,002,035,405"
18,"700,033"
19,"240,904,740,400"
20,"032,700"
25,"033,700"
26,"491,920,032"
27,"034,700"
28,"176,740,590,892,352,297,400"
29,"233,220"
30,"090,400"
31,"034,700"
32,"231,176,740,565"
33,"033,700"
34,"741,368,400"
35,"717,415,100,090"
37,"034,700"
38,"031,384,740"
39,"235,176,740,400"
40,"034,700"
41,"692,060,240,636,740"
42,"033,700"
43,"067,143,740"
44,"032,790,407"
45,"034,700"
46,"717,740,400"
49,"104,004,405"
52,"849,742,519"
53,"740,843"
54,"033,700"
55,"001,034,700"
58,"033,700"
59,"520,240"
61,"413,892,824"
71,"820,002,382,760,382"
78,"032,700"
79,"491,817,740"
80,"491,817,740"
81,"740,760,240"
85,"700,033"
86,"400,740,067,100"
87,"413,892,824"
88,"415,100,740"
90,"031,700"
91,"892,740"
94,"817,365,690,032,700"
95,"176,740,400"
96,"003,390"
99,"820,002"
100,"003,861"
101,"700,034"
102,"740,176,220"
103,"700,034"
104,"516,775,400"
105,"740,760,240"
110,"235,555,526"
111,"413,892,824"
118,"034,700"
119,"416,861,002"
124,"920,060,415,220,520"
125,"034,700"
126,"382,760,740,400"
127,"415,220,520"
131,"034,700"
132,"415,575,032,824"
133,"799,840,760,740"
134,"220,032,700"
135,"803,240,415,220,520"
139,"700,034"
140,"416,861,002"
141,"003,390"
142,"032,700"
143,"015,032,740,400"
144,"220,142,590,455"
145,"920,060,741,350,504"
149,"175,176,100,740,400"
153,"032,700"
155,"033,700,125"
157,"700,033,368,091"
158,"700,033,400,740,388"
5,"861,002,049,233,520"
9,"817,002,491,692,100,740"
13,"817,013,003,426"
19,"033,220"
20,"034,700"
21,"413,137"
24,"921,690,002,032,220,235,806,003,900,032,590,405,740"
25,"175,482,335,740,400"
26,"032,700"
28,"240,482,752,740"
29,"745,700"
30,"700,033"
31,"861,002,031,892,803,740"
41,"033,220"
43,"467,806,158,740"
63,"033,033"
64,"175,817,740,400"
65,"034,700"
66,"491,817,740,400"
68,"817,368,692"
73,"033,700"
74,"240,590,390,740"
75,"700,033"
76,"740,690,636,240"
78,"817,002,235,804"
79,"032,700"
80,"233,550,527"
81,"692,575,595,820"
82,"617,440,745,176,740,232"
83,"703,615,611,002,017,585,740"
84,"051,063,220"
85,"902,140,920,032,384,193,706,920"
86,"625,776,032,001,890,317"
87,"250,542,001,692,440,920"
88,"921,690,002,706,033,590,405,740,001,354"
89,"017,220"
90,"381,125,018,596,302,820"
92,"817,002,235,240,220,803,255,435,690,740"
93,"817,002,503,615,760,740"
94,"056,415,060,240,772,740"
96,"201,060,240,233,520"
99,"550,060,806,032,220,255,435,690,176,740"
100,"817,002,806,235,233,555,527,061,405"
101,"321,405,002,806,233,320,920,740"
103,"233,705,033,176,626,740"
104,"055,235,705,033,806,003,900,740"
105,"820,001,798,240,231,388,740"
106,"760,877,740,001,468,806,154"
108,"640,140,595"
111,"923,740"
114,"146,742,220,798,740"
115,"531,740"
116,"803,156"
117,"920,060,745,235,240,231,590,390,740"
118,"165,831,368,001,235,798,740"
120,"817,002,235,380,740"
121,"032,690,405"
122,"892,031,002,803,798,235,706,033,520"
123,"820,002,101,740,090"
124,"235,320,920,740"
125,"482,752,740"
126,"003,430"
127,"003,550,617"
128,"125,406,741,590,406,740"
129,"861,002,240,639,740"
131,"706,033,520"
132,"817,368,003,390"
133,"125,861,002,004,390"
134,"692,060,176,740"
135,"057,159"
136,"235,231,752,740,468,806,158"
137,"910,740"
138,"820,003/002,900,740,621"
139,"201,060,001,255,435,690,740"
140,"003,140,100,740"
141,"717,100,740"
142,"240,921,070,520"
143,"028,032,740"
144,"950,243,617"
145,"031,592"
146,"072,390,002,003,220,740,090"
147,"061,740"
148,"491,003,390"
149,"016,390"
150,"142,617"
151,"032,125,610,002"
152,"590,390,740,400"
153,"132,175,741,235,240,100,740"
155,"910,740"
156,"850,315,741,415,100,820,595"
157,"003,156"
158,"741,455,220,002,017,390"
160,"817,002,219,520"
161,"031,460,520"
162,"703,615,740"
163,"820,840,032,740"
164,"920,060,741,240,232"
165,"440,192,280,368,521"
166,"692,060,253,070,520"
167,"615,002,416,220,518,176,156"
168,"700,892"
170,"870,740,368"
172,"016,220,920/520,861"
173,"400,565"
178,"316,323,530,748"
181,"740,760,440"
184,"861,002,001,016,407"
186,"550,060,556"
188,"861,741"
189,"861,741,240,630,740"
190,"806,415,220,717,705/740,033,159/520,097"
191,"165,244,861,002,031,220,235,740,061,409"
192,"717,125,812,595,002,806,231,705,033,845,032,409"
194,"798,231,233,740,845,407,471,806,154"
195,"692,060,798,415,220,554,740"
196,"861,002,003,220,590,405,740"
197,"861,002,806,231,773,740"
199,"817,002,233,705,033,388,443,740"
200,"388,740"
201,"503,861,368"
202,"817,002,032,384,740"
203,"235,233,002,070,003,900,032,405"
204,"692,060,832,811,267,740"
205,"032,877,740,001,469,806,154"
206,"193,892,203"
208,"031,467,806,154"
209,"013,840,740"
210,"235,240,520"
211,"820,002,220,630,794,706,033,061,405"
212,"918,740,063"
213,"193,060,017,407"
214,"468,806,154"
215,"140,706,064"
216,"817,002,001,467,806,154"
217,"216,861,367,001,176,740"
218,"049,740"
219,"503,615,154"
220,"590,405,740,001,472,806,154"
222,"017,090"
223,"468,806,154,400"
226,"817,002,097,161"
228,"231,798,176,740"
229,"440,740,400,840,712"
230,"503,017,740,400"
231,"920,060,741,005,368,705,167"
232,"821,740"
233,"817,002,031,706,151,033,700"
234,"717,740,400"
235,"176,100,740"
236,"368,330,741,590,390,151"
237,"368,330,741,590,390,151"
238,"840,032,740"
239,"840,032,740"
240,"920,220,892,202,400"
241,"920,220,892,202,400"
242,"142,617"
243,"840,032"
244,"495,460,740,400"
245,"415,100,740,090,400"
246,"470,806,158,400"
247,"465,806,158"
248,"354,460,798,740"
250,"240,590,390,740"
254,"033,142"
255,"033,142"
257,"240,482,752,740"
259,"240,482,752,740"
261,"240,482,752,740"
264,"798,415,220,740,400"
265,"806,235,590,405,740,400"
266,"413,575,335,711,033,700"
267,"850,741,048,740"
268,"033,700"
269,"621,705,204,240,636,740"
271,"472,806,158,400"
272,"032,700"
273,"055,255,435,690,921,400"
275,"101,176,100,740"
276,"700,033"
277,"617,898,740,400"
278,"700,032"
279,"118,156,400"
280,"032,700"
281,"352,400,520,400"
282,"700,032"
283,"400,520,400,353"
284,"034,700"
285,"137,400"
286,"700,033"
287,"740,337,484"
288,"032,700"
289,"484,337,740"
290,"033,700"
291,"176,336,740"
292,"033,700"
293,"171,035,415"
296,"736,904,158,400"
297,"736,904,158,400"
298,"736,904,158,400"
299,"033,700"
300,"617,892,740,400"
301,"032,700"
302,"219,072,520"
303,"033,700"
304,"820,002,240,220,520"
305,"032,700"
306,"400,740,177,519"
307,"033,700"
308,"176,740,400"
310,"817,368,690"
311,"679,840,032,740"
312,"700,033"
313,"740,636,240,060,692"
314,"033,700"
315,"091,500,390/740"
316,"803,233,032,904,740"
317,"142,001"
319,"233,520,400"
321,"820,002,104"
322,"219,740,807,400"
323,"033,700"
324,"033,700,125"
326,"032,116"
328,"033,700"
329,"798,240,233,320,920,740,400"
330,"700,033"
331,"233,520"
334,"032,700"
335,"240,100,740,400"
336,"501,405,002,240,520"
337,"501,405,002,240,520"
338,"501,405,002,240,520"
339,"501,405,002,240,520"
340,"501,405,002,240,520"
341,"501,405,002,240,520"
342,"501,405,002,240,520"
343,"501,405,002,240,520"
344,"501,405,002,240,520"
345,"501,405,002,240,520"
346,"501,405,002,240,520"
347,"501,405,002,240,520"
348,"501,405,002,240,520"
349,"501,405,002,240,520"
352,"920,455,220,002,803,706,033,017,585,740"
353,"617,742,803,798,415,220,055,482,740"
354,"745,717,420,595"
355,"904,032,305,002,240,017,585,740"
357,"501,405,002,240,520"
358,"501,405,002,240,520"
359,"803,415,220,318,920,255,436,690,590,407,740"
360,"803,415,220,318,920,255,436,690,590,407,740"
361,"803,415,220,318,920,255,436,690,590,407,740"
362,"803,415,220,318,920,255,436,690,590,407,740"
363,"803,415,220,318,920,255,436,690,590,407,740"
364,"803,415,220,318,920,255,436,690,590,407,740"
365,"803,415,220,318,920,255,436,690,590,407,740"
367,"034,700"
368,"090,400"
369,"400,740,760,605"
370,"003,156"
371,"740,783,004"
372,"740,783,004"
374,"817,002"
375,"817,002"
377,"032,511"
378,"033,700"
379,"920,017,575,740,400"
380,"034,700"
381,"706,630,336,151,400"
382,"126,700"
383,"240,636,740,400"
384,"590,706,868"
385,"400,156,435,255"
386,"817,368,692"
387,"495,776,740,400"
388,"413,892,824"
389,"171,032,031,240,636,740,400"
390,"004,700,220"
391,"416,220,740,760,400"
392,"033,700"
393,"027,032,740,400"
394,"681,690"
395,"059,032,740"
396,"003,861"
397,"740,255,061"
398,"033,700"
399,"740,032,840"
400,"034,700"
401,"900,368"
402,"034,700"
403,"176,740,400"
404,"033,700"
405,"176,740,400"
406,"003,231,740"
407,"033,700"
408,"400,740,178"
409,"034,700"
410,"176,740,400"
411,"034,700"
412,"176,740,400"
413,"034,700"
414,"176,740,400"
415,"032,700"
416,"176,740,400"
417,"033,700"
418,"176,740,400"
419,"034,700"
420,"176,740,400"
423,"034,700"
424,"415,220,520"
425,"034,700"
427,"700,032"
428,"740,690,630,240"
429,"032,700"
430,"028,032,740,400"
431,"700,033"
432,"240,100,740"
433,"034,700"
434,"031,384,156,400"
436,"926,740"
437,"033,700"
438,"013,840,740"
439,"032,700"
441,"004,690"
442,"235,717,741,400"
443,"033,700"
444,"220,520"
447,"829,892,400"
449,"829,892,400"
450,"034,390"
456,"032,700"
458,"032,700"
459,"176,336,740,400"
460,"033,700"
461,"877,861,740"
462,"033,700"
463,"526,550,220"
464,"362,740,090"
465,"033,700"
466,"090,700"
467,"415,220,520"
468,"098,400"
471,"034,700"
472,"240,639,690,740"
473,"034,700"
474,"013,060,032,740,400"
475,"033,700"
476,"176,740,400"
477,"033,700"
478,"176,740,400"
479,"033,700"
480,"176,740,400"
481,"033,700"
482,"033,700"
483,"176,740,400"
484,"033,700"
485,"176,740,400"
486,"033,700"
487,"176,740,400"
489,"700,034"
490,"255,435,156,400"
491,"700,032"
492,"526,550,220"
493,"415,578,032,824"
494,"692,060,240,636,740"
495,"032,700"
497,"032,700"
498,"797,760,740"
499,"034,700"
500,"892,692"
501,"263,741,565"
502,"415,220,520"
504,"003,154"
507,"031,384,156,400"
508,"033,700"
509,"741,390,741,031,705,033,368"
511,"700,036"
512,"033,700"
517,"920,632,930"
518,"632,930"
521,"201,060,798,415,240,055,740,555,527"
522,"817,002,806,231,706,033,520"
523,"625,480,031,002,235,590,405,740"
525,"920,060,235,504,031,740"
531,"863,002,806,236"
533,"817,002,003,390"
534,"503,702,002,240,176,740"
535,"861,002,830,840,368"
536,"820,001,240,440,740"
537,"831,741,032,220,233,161"
543,"140,388,443,740,001,004,407"
544,"550,060,240,740,679"
551,"031,240,740,090"
552,"484,337,740"
555,"861,002,032,220,241"
557,"216,861,002,798,585,740"
560,"728,390,741,240,590,390,740"
561,"003,900,702,741,240,100,740"
562,"061,142,400,740"
563,"266,740"
565,"700,742,590,390,740"
566,"032,172,002,705,033,520"
567,"808,817,002,706,033,520"
568,"416,002,003,798,740"
569,"575,861,368"
570,"817,002,231,555,527"
577,"705,940,002,003,900,740"
578,"013,840,760,740"
580,"820,002,002,900,585,740"
581,"545,576,861"
582,"900,484,482,900,740"
583,"416,740"
587,"455,752,595,001,138"
588,"817,002,235,770,740"
589,"790,590,405,740"
593,"550,060,233,840,032,740"
600,"003,156"
601,"817,002,803,233,520"
602,"032,220,740,090"
603,"175,520"
605,"140,527"
606,"820,002,820,595,350,294"
609,"795,060,590,390,740"
610,"871,390"
611,"005,900,740"
612,"528,833,111"
613,"820,002,016,220,151"
614,"032,590,741,350,460,798,740"
615,"031,156"
617,"004,407"
618,"700,741,033,904,740"
619,"061,740"
1,"031,368,413,002,233,440,740"
2,"455,590,002,005,368"
4,"922,455"
5,"804,400"
6,"235,706,033,850,903,740"
8,"468,806,155"
11,"861,002,550,233,017,575,740"
12,"820,013,923,740"
15,"956,005,790"
16,"570,002,005,900,740"
17,"927,740,031,095"
18,"927,740"
22,"090,942,066,455"
23,"240,803,585,740"
25,"922,455,861,140,136"
26,"706,033,923,740"
28,"503,615,752,740"
32,"806,845,061,407,850,900,740"
33,"831,590,125,407,002"
34,"240,636,740,400"
35,"125,700"
36,"705,840"
37,"838,482,740"
40,"176,740,400"
43,"828,066,723"
44,"838,482,740"
51,"905,002,705,041"
56,"255,435,156,400"
57,"590,706,868"
63,"416,220,760,740,400"
64,"004,700,220"
69,"820,031,001,061,740"
70,"033,700"
82,"033,700"
85,"032,700"
87,"520,220,415"
88,"700,034"
93,"678,400"
94,"032,700"
95,"400,740,176"
96,"033,700"
97,"033,700"
101,"400,740,176"
102,"033,700"
109,"032,700"
110,"098,400"
112,"220,740,090"
113,"176,740,400"
114,"033,700"
115,"176,740,400"
116,"033,700"
117,"176,740,400"
118,"033,700"
119,"176,740,400"
120,"033,700"
122,"033,700"
123,"032,226"
130,"031,003,480"
157,"033,482"
171,"530,413"
172,"554,740"
176,"900,003,645"
182,"033,033,520"
186,"073,520"
188,"285,002,235,220,125,590,390,740"
193,"920,060,740,005,368"
195,"176,740,001,002,004,064"
196,"233,001,760,740"
198,"423,003,001,423,002,031,104"
199,"416,840,740"
200,"421,003,440,776"
201,"706,033,520"
206,"160,090"
207,"595,278,002,004,392"
209,"920,060,741,142,156"
215,"130,817"
216,"904,530,705,002,231,590,390,740"
217,"175,742,233,798,740"
218,"803,840,032,740"
221,"850,231"
224,"005,408"
228,"806,455,220,002,001,472,806,154"
229,"861,002,590,390,820"
230,"550,365,002,391"
232,"690,060,452,550,390"
235,"547,001,002,140,832"
237,"575,460,002,017,513/390,460"
242,"003,900,703,741,001,176,740"
243,"279,629,002,384,740"
245,"817,002,235,100,740"
254,"861,742,520"
255,"590,740,741,234,760,740"
257,"151,031"
258,"220,235,740"
259,"017,156"
260,"920,740,400"
261,"824,368,098,630,740"
263,"060,820,240,460,220,851,390,740"
266,"235,520"
270,"255,220,175,760,740"
271,"705,390,002,388,032,151"
273,"132,374,741,095,090"
274,"142,151"
276,"408,004"
278,"457,002,235,233,705,033"
279,"776,233"
285,"892,798,741,564,803,090,520"
289,"561,092,625,900"
293,"033,892"
295,"861,002,016,390"
304,"003,422"
307,"861,002,016,405"
309,"176,740,001,832"
312,"003,002,900,067,740"
319,"746,001,790,407,590"
321,"032,220,153"
322,"550,060,061,706,798,740"
325,"255,436,690,740,400"
326,"033,700"
337,"033,136"
338,"630,900,002,519,740"
1,"541,813,595,820"
2,"703,400,002,061,740"
4,"820,002,904,740"
5,"820,002,017,585,740"
6,"820,002,621,416,740"
8,"235,772,740"
9,"861,002,220,520"
11,"456,002,240,231,520,621"
12,"041,742,241"
13,"861,002,235,840,032,740"
16,"705,033,002,335,760,740"
17,"233,255,435,690,740"
19,"032,168,002,032,220,232"
21,"861,002,031,233,520"
25,"692,060,140,920,740,090"
26,"817,002,240,923,740"
28,"482,740"
29,"032,633,270,002,072,032/231,220,705,033,520"
33,"817,002,760,740"
35,"927,740"
36,"158,171,035"
37,"692,060,231,927,740"
44,"096,143"
46,"176,740"
48,"003,001,435"
50,"232,048,740"
51,"017,390"
52,"176,704,255,740"
53,"142,171,035"
54,"840,257,740,415,100,790/740"
55,"140,706,420,595"
61,"034,220,520"
62,"861,002,255,435,690,740"
63,"632,300,001,320,100,740,090"
64,"416,151"
65,"840,032,740,090,400"
66,"853,016,390,401"
67,"877,005,900,740"
68,"817,002,233,235,705,033,520"
69,"351,368,001"
71,"156,003"
74,"575,741,402"
76,"002,850,700,033"
77,"031,156"
78,"156,031"
81,"586,561,745,001,004,407"
83,"820,001,456,100,740"
84,"806,032,220,240,055,740"
85,"055,235,233,483,740"
86,"861,002,175,720,740,001,416"
87,"817,002,176,455,740"
88,"235,240,706,033,520"
89,"706,717,388,154"
90,"140,920,484,337,503,456,400"
91,"920,615,742,921,070,520"
92,"603,861,002,055,740"
93,"905,032,130"
94,"798,032,220,440,752,740"
95,"325,740,001,243,159"
96,"032,905"
101,"031,502,002,806,240,520,001,416"
107,"706,820,595"
116,"817,002,233,705,033,550,527"
122,"877,159,400"
123,"820,002,806,590,405,740"
124,"503,460,740"
125,"004,407,001,055,032,740"
127,"235,590,407,740,001,004,407"
128,"817,002,354,400,520"
129,"220,740,400"
131,"923,740,001,016,407"
132,"240,142,617"
133,"620,901,032,590,292,381,127"
134,"384,154"
135,"880,002,503,460,740"
137,"798,240,231,555,527"
139,"491,003,423"
140,"806,706,033,590,405,798,740"
158,"632,342,504,002,016"
159,"017,585,090,680,740"
160,"861,002,235,590,390,740"
162,"820,002,803,233,032,861,740"
163,"320,920,742,803,415,220,371,406"
164,"235,555,527"
169,"285,900,002,032"
170,"705,033,520"
175,"820,060,003,405"
177,"390,016"
178,"061,626,803,483,740"
180,"005,900,740"
183,"370,002,550,527"
184,"101,154"
186,"705,033,032,790"
188,"920,540,740"
190,"370,002,550,527"
191,"792,740"
192,"920,060,741,031,017,575,740"
193,"391,595,850,480,001,821,004,904"
194,"817,002,032,760,740"
196,"817,002,032,760,740"
199,"003,156"
200,"550,525,400"
204,"853,803,705,033,520"
207,"704,167"
208,"704,167"
216,"803,335,760,740"
217,"503,033,740,400"
218,"630,740"
219,"630,740"
220,"630,740"
221,"630,740"
223,"104,645,590,235,240,740,090"
224,"104,645,590,235,240,740,090"
225,"103,176"
226,"240,415,100,740"
228,"467,806,158,400"
231,"125,384,700,875"
232,"575,450,745,803,482,740"
233,"004,700,097,400"
234,"861,002,798,415,220,033,033,760,740"
235,"388,906,615,627,220,002,140,484,001"
236,"803,003,220,740,792,740,090"
237,"384,740"
238,"384,740"
239,"384,740"
244,"032,226,923,740,400"
245,"003,220,740"
247,"003,220,740"
248,"003,220,740"
249,"003,220,740"
250,"323,690"
251,"550,060,690,740"
252,"550,060,690,740"
253,"323,690"
254,"831,233,176,740"
255,"806,233,176,740"
257,"590,407,740"
258,"806,231,176,740"
261,"415,220,845,407"
262,"415,220,845,407"
263,"590,405,100,740,790"
264,"142,617,001,004,407"
265,"790,900,165"
266,"233,798,740"
269,"773,740"
270,"747,717,095,595,001,142,617"
273,"255,435,690,740,900,001,003,424"
274,"255,435,690,740,900,003,422"
277,"255,435,690,740,900,003,422"
278,"255,435,690,740,900,003,422"
279,"706,033,923,740"
280,"706,033,923,740"
281,"706,033,923,740"
282,"706,033,923,740"
283,"706,033,923,740"
284,"706,033,923,740"
285,"235,705,033,845,407,321,407"
286,"235,705,033,845,407,321,407"
287,"235,705,033,845,407,321,407"
288,"235,705,033,845,407,321,407"
289,"003,422,176,100,740"
291,"003,422,176,100,740"
292,"503,615,752,740"
293,"503,615,752,740"
294,"503,615,752,740"
295,"503,615,752,740"
296,"503,615,752,740"
297,"503,615,752,740"
298,"503,615,752,740"
299,"503,615,752,740"
300,"503,615,752,740"
301,"176,125,350,299,061,400,740"
302,"798,240,845,061,407"
303,"798,240,845,061,407"
304,"798,240,845,061,407"
305,"235,220,222,740"
306,"235,233,222,740"
307,"235,233,222,740"
308,"806,235,233,705,033,585,407"
309,"806,235,233,705,033,585,407"
310,"905,032,597,142,617"
311,"904,032,597,142,617"
312,"905,032,597,142,617"
313,"905,032,597,142,617"
314,"495,460,365,002,004,407"
315,"905,032,597,142,617"
316,"017,585,388,740"
317,"806,845,061,407,850,900,740"
318,"806,845,061,407,850,900,740"
319,"806,845,061,407,850,900,740"
320,"235,705,033,845,407,321,407"
322,"231,255,435,690,740"
323,"479,749"
326,"806,233,384,740"
328,"231,017,585,095,520,032,407"
330,"231,017,585,095,520,032,407"
332,"231,017,585,095,520,032,407"
334,"231,017,585,095,520,032,407"
338,"806,845,061,407,850,900,740"
340,"798,231,705,033,904,100,740"
341,"904,032"
343,"803,235,220,241"
344,"226,031,740"
357,"002,003/741,900,740"
358,"320,920,740"
363,"151,033"
364,"151,033"
367,"175,090,595,032,705"
386,"240,838,585,740,400"
387,"031,645,645,031"
388,"031,100,740"
389,"900,165"
391,"416,740"
395,"503,017,760,740"
400,"820,002,016,220,740,090"
401,"922,060,240,520"
402,"820,002,003,390"
403,"495,033,740"
406,"255,798,400"
410,"160,090,055,060,190"
412,"004,405"
415,"820,032,130"
416,"820,032,130"
417,"920,060,741,335,760,740"
420,"017,585,740"
422,"235,032,877,740"
423,"400,226,415"
424,"003,426"
425,"820,125,390,002,004,390"
426,"740,803,390,060,740"
432,"924,001,319,031,055,002,150,416"
434,"127,705,002,004,390"
439,"467,550,001,740,740"
440,"820,060,240,231,585,740"
441,"031,920,060,927,415,100,740"
442,"900,590,368,002"
444,"820,002,233,555"
445,"817,002,061,702,740"
446,"032,700"
447,"820,002,235,222,740"
448,"528,220,924,340,093"
449,"415,803,001,328,004,002"
451,"031,136"
453,"031,136"
454,"031,136"
456,"912,740"
458,"920,060,500,812"
459,"380,615,742,255,435,690,740"
460,"740,390"
461,"861,002,233,001,760,740"
462,"803,861,002,705,033,482,740"
465,"700,031"
468,"368,572,741,235,740,090"
469,"031,501,861,368"
471,"231,388,443,740"
474,"700,031,153"
477,"590,390,151"
478,"817,002,235,840,032,740"
479,"933,002,004,405"
480,"556,440,742"
483,"820,002,706,611,740"
485,"034,700"
486,"176,100,740"
488,"032,032,034"
489,"034,999,034"
503,"850,740"
504,"850,740"
505,"032,220"
507,"740,220"
508,"365,527"
514,"817,002,240,904,740"
515,"032,700"
516,"806,235,590,405,740,400"
522,"465,806,158"
523,"465,806,158"
524,"235,590,390,740"
526,"034,700"
527,"220,236,400"
528,"033,700"
529,"861,002,240,482,740"
530,"235,220,176,740"
531,"861,002,240,482,740"
532,"235,220,176,740"
536,"032,700"
539,"692,060,240,603,740"
540,"817,368,692"
543,"352,615"
544,"790,740,400"
550,"032,700"
552,"240,503,070,520"
553,"903,903,741,240,235,705,033,520"
555,"510,460,752,740"
556,"384,740"
558,"820,002,003,390"
559,"376,031,002,004,390"
560,"705,390,002,031,157"
561,"032,390,001,004,900,154"
563,"315,063,220,820,001,220,520"
564,"005,900,740"
565,"061,740"
2,"031,920,400,740"
3,"920,060,741,003,429"
4,"100,740"
6,"495,790,031,790,151"
7,"230,156"
10,"850,480,001,002,032,002/226,702,128,390"
12,"015,140,822"
13,"632,390,400,375"
21,"016,220,776,825,005,909,095,390"
23,"817,002,001,240,233,320,920,740"
27,"032,892,151"
28,"019,156"
29,"808,093"
30,"856,002,803,416,220,879,165/740,244"
31,"495,460,520"
32,"861,002,416,740"
33,"460,520"
34,"705,717,388,154"
35,"032,790,407,590"
36,"861,002,016,390"
37,"617,142"
38,"233,706,033,520"
39,"590,407,100,740"
44,"820,611,388,820,850,480,001,821,798"
45,"861,002,031,382,151"
49,"240,220"
50,"445,760,740"
51,"032,220"
53,"371,390"
54,"371,390"
58,"838,923,740"
59,"861,893,140,236"
61,"117,617"
63,"255,033"
73,"914,740,527"
76,"016,220"
79,"033,235"
84,"142,740"
103,"034,700"
104,"692,060,240,603,740"
105,"692,060,798,240,220,520"
0,"410,017"
1,"410,017"
2,"405,017"
4,"235,740"
5,"590,390,740"
6,"033,125,390,368"
7,"235,705,033,904,740"
8,"066,741,235,495,017,740"
9,"510,460,156"
10,"013,840,740,170,072"
15,"390,415"
16,"390,034"
17,"861,002,840,032,844,405"
18,"413,125,350,297,002,003,226"
19,"634,368,002,061,717,390"
21,"634,368,298,554,527"
24,"482,740"
25,"001,520"
26,"821,550,368,002,220,740,090"
27,"014,220"
28,"797,740"
29,"817,002"
30,"817,002"
31,"061,740"
32,"004,390"
35,"817,002"
36,"090,308,002,236"
38,"803,740"
39,"692,060,003,426"
49,"390,003,003"
51,"820,002,236"
53,"705,050,740"
56,"405,740"
57,"740,386"
59,"700,892"
60,"817,002,003,390"
63,"920,060,031,592,031,032,842"
64,"235,482,740"
65,"717,575,060,844,390"
66,"692,060,531,740"
67,"892,647,741,067,740"
68,"861,002,032,176,740"
69,"235,240,740,031/151,032"
70,"861,002,235,222,031/740,032"
71,"456,741,740,530,032,031/850,032"
72,"713,791,031/740,032"
73,"861,002,235,222,031/740,032"
74,"032/226,032,817"
75,"861,002,125"
76,"240,100,740,151"
78,"767,368,001"
79,"388,526"
80,"817,240/002,636,740"
84,"055,161"
86,"817,002,803,233,520"
87,"031,690/032,151"
88,"034,287,365,002,101,740,140,840,031"
89,"590,390,740"
90,"317,920,002,016,740"
91,"817,002,803,235,520"
92,"741,298,002,717,140,740"
93,"500,031,002,221,740,521/090,521,817"
95,"579,250,741,233,803,740"
96,"240,705,033,803,233,151"
97,"817,002,032,220,231,740"
98,"920,060,001,240,140/232,615,590"
4,"176,740"
6,"820,002,803,240,220,520"
7,"393,065,220,510,460,740"
9,"861,002,015,390"
11,"840,032,740"
12,"921,072,520"
13,"262,741,803,220,520"
14,"803,740"
16,"920,060,741,003,220,520"
17,"745,125,400"
20,"503,615,752,740"
21,"702,033,415,100,200/740,906"
22,"503,615,740"
23,"806,235,233,705,033,585,407"
24,"416,232,097,151"
25,"752,740"
27,"034,700,097,151"
28,"817,002,072,406"
30,"556,527"
31,"371,255,861,368,001"
32,"521,032,717"
33,"033,617,564,002,231,705,033,465,298"
34,"692,060,235,240,773,740"
35,"244,065,880,820"
36,"861,002,240,923,101,740,140,845,407"
37,"632,140,706"
38,"745,311,031"
39,"455,267,002,806,235,706,033,032,070,061,405"
40,"371,892,202,368,002,233,590,390,740"
41,"125,304,368"
42,"817,002,503,776,740"
43,"861,002,176,740,090"
44,"171,035,130,820"
45,"560,814,002,016,390"
46,"055,740,932"
48,"513,460,036,861,002,005,390"
49,"861,002,032,692,362,740,001,350"
51,"920,001,235,220,520,692,060,482,368/740,192,871,842"
52,"140,906,002,235,240,740,090"
53,"595,706,243,617"
54,"692,060,531,740,090"
56,"861,002,416,840,760,740,374,892"
57,"503,455,220,002,806,235,240,055,740"
58,"806,235,240,503,017,752,740"
59,"820,060,233,511,269,740"
60,"817,002,003,390"
61,"112,002,233,382,923,032,740"
62,"374,372,405,002,176,336,740"
63,"107,002,231,233,590,390,740"
64,"329,906,368,002,032,220,630,794,740"
65,"415,220,520"
66,"032,632,125,390,002,235,240,032,220,255,435,690,740"
68,"005,475,527,002,391"
69,"820,125,405,002,235,233,240,636,740"
70,"817,002,240,550,527"
71,"373,055,002,231,798,740"
72,"317,920,002,803,705,033,760,740"
73,"032,840,302,001,002,831,617"
74,"215,065,220,002,235,240,798,740"
75,"861,002,235,760,740"
76,"920,368,060,460,820,390"
77,"190,600,350,300,002,032,220,240,550,527"
78,"820,002,798,240,705,033,017,585,740"
79,"140,390,741,235,350,460,798,740"
80,"717,504,002,803,235,415,220,032,904,740"
81,"140,900,190,297,002,016,220,740,090"
82,"820,002,798,705,033,240,236"
84,"840,611,550,060,235,032,877,740"
85,"693,002,798,231,032,226"
86,"817,002,503,460,740"
87,"920,060,742,003,368"
91,"550,060,555,526"
92,"004,220,060,706,033,520"
93,"575,706,001,031,220,520"
95,"575,111,060,900,165,457/740"
96,"920,060,742,176,740,518/090,690"
97,"692,060,231,803,740"
98,"692,390,002,032,226"
99,"095,390,002,142,279,151"
100,"861,002,003,140,705,255,740"
101,"897,520,400"
102,"140,704,575,595"
103,"817,002,004,220,520"
104,"861,002,803,390,832"
105,"545,032,344,740"
106,"861,002,233,240,100,688/740"
107,"817,368,060,003,156"
108,"070,617,002,240,555,527"
109,"390,550,207,002,222,740"
110,"796,018,390"
111,"920,368,001,240,765,740"
112,"272,081,741,233,520"
113,"700,820,002,231,705,033,520"
114,"104,890,400"
115,"233,388,527"
116,"235,032,734,794,740"
117,"817,002,031,013,840,740"
118,"416,255,861,002,032,220,798,100,740"
119,"084,814,002,350,460,798,740"
120,"345,741,240,003,156"
121,"003,220,590,390,740"
122,"165,111,002,003,390"
123,"004,156"
124,"255,435,156"
125,"900,017,585,740"
126,"119,368,002,215,740"
127,"861,002,705,255,740,090"
128,"817,002,168,740,503,390"
129,"545,900,003,154"
130,"820,002,004,390"
131,"853,235,220,740,090"
134,"260,940,002,233,565,740"
135,"820,550,798,065,220,820,413"
136,"140,287,002,415,220,879,740"
138,"821,001,233,320,920,740"
139,"684,572,741,382,016,220,760,740"
140,"920,060,741,840,032,740"
141,"416,297,002,440,760,740"
142,"190,301,002,803,176,140,844,390"
143,"817,002,013,840,176,100,740"
144,"820,002,055,803,220,705,033,520"
145,"861,002,803,233,705,033,772,740"
146,"563,900,032,632,125,390,002,484,337,151"
147,"346,840,741,585,100,858/740"
148,"798,233,790,900,740"
149,"705,033,520"
150,"072,368,093,400"
151,"032,220,923,740"
153,"692,060,552,520"
154,"176,741,220,740,565"
155,"705,500,741,803,923,740"
156,"360,741,235,240,233,520"
157,"144,002,032,220,094,740"
158,"790,390,741,590,390,740"
159,"545,003,156"
160,"388,906,812,255,220,240,550,527"
161,"692,032,872"
162,"031,705,033,520"
163,"545,908,031,016,220,740,090"
165,"005,900,740"
166,"361,741,236,832,033"
167,"455,440,065,220,002,336,740"
169,"861,002,140,136"
170,"840,252,002,032,205,740"
171,"817,002,240,415,100,740"
172,"880,142,400,740"
173,"692,060,920,255,740"
174,"520,455,220,002,803,226"
175,"556,817,740"
176,"550,060,440,760,740"
177,"832,740"
178,"864,065,220"
179,"861,002,772,740"
180,"190,130,269"
181,"898,257,002,415,220,621/520"
182,"031,176,740"
183,"820,001,798,233,790,900,740"
184,"550,060,016,390"
185,"579,250,741,048,740"
186,"741,820,002,031,243,151"
187,"003,122,617"
188,"003,552,840,760,740"
189,"820,060,415,220,520"
190,"817,002,061,142,740"
191,"861,002,806,240,844,390"
195,"861,741,032,070,061,406,923,740"
196,"692,060,806,233,923,740,061,407"
197,"850,786,220,001,018,405"
198,"806,320,900,388,740"
199,"820,002,032,220,923,740"
201,"690,740"
202,"803,002,003,390"
204,"016,390"
205,"003,390"
206,"621,740"
207,"502,295,002,175,520"
208,"297,060,233,520"
209,"853,101,740,090"
210,"220,520"
211,"240,520"
212,"005,156"
213,"031,156"
214,"176,740,436"
215,"843,156"
216,"125,090"
217,"702,521,700"
218,"005,156"
219,"005,900,740,090"
220,"853,900,032,590,350,298"
221,"741,836,368,495,861"
222,"097,161"
223,"817,002,552,840,760,740"
224,"861,002,240,415,100,740,090"
225,"820,002,222,740"
226,"061,151"
227,"820,060,031,241,400"
228,"220,081,741,590,390,740"
229,"817,002,061,740"
230,"820,001,904,832"
231,"831,892"
232,"240,520"
233,"231,740,151"
234,"903,861,368"
235,"165,031,002,220,100,740,090"
236,"388,033/740,413"
237,"346,390,002,384,740"
238,"820,267,400"
239,"033,151"
240,"717,151"
241,"233,032,877,740"
242,"428,220,400"
243,"456,527"
245,"820,002,032,220,335,760,740"
246,"255,277,244"
247,"740,705"
248,"005,405"
249,"880,002,241"
250,"061,278,368,740"
252,"240,636,740"
253,"031,156"
254,"233,176,740,090"
255,"415,100,740,400"
256,"707,390,002,236"
257,"920,001,235,220,520,692,060,483,004/740,099,535,842"
258,"803,233,240,706,033,520"
260,"233,803,740"
261,"112,002,235,921,760,740"
262,"603,861,002,032,220,240,520"
263,"683,572,741,840,032,740,090"
264,"350,301,002,721,740"
265,"545,140,894,590,892"
267,"817,002,503,460,921,070,760,740"
268,"817,002,233,235,503,740"
269,"920,060,741,017,390"
270,"590,705,002,415,100,740"
271,"803,220,176,740,165,140"
272,"231,233,804"
273,"350,125,002,003,390"
274,"243,150,001,055,617,150,400"
275,"518,368,002,803,550,527"
276,"005,390,255,435"
277,"233,879,740"
278,"550,060,220,930/804"
279,"920,060,740,600"
280,"861,002,717,706,575/892,384"
281,"817,002,231,520"
282,"820,002,014,220,740,090"
283,"694,001,061,740"
285,"545,031,350,400,740,090"
286,"519,740"
287,"061,171,035,740,090"
288,"632,269,002,001,233,235,798,740,565"
289,"679,002,155,630,740"
290,"820,090,480,001,215"
291,"495,615,740"
292,"818,002"
294,"032,315,742,231,264,760,740"
295,"853,717,760,740,090"
296,"176,705,033,520"
298,"817,002,004,390,621"
300,"140,920,944,002,240,482,740"
301,"853,250,510,460,740"
302,"817,368,142,156"
303,"018,390"
305,"861,002,240,350,504"
306,"705,255,740"
307,"123,065,741,176,740,820/090"
308,"817,002,240,176,740"
309,"279,345,400"
310,"692,890,740"
311,"920,060,003,390"
312,"849,741,416,151"
313,"003,220,740"
314,"861,002,740,621/090"
315,"880,060,220,520,621"
316,"060,703,575,240,740,090"
318,"820,001/060,590,390,740"
319,"176,740"
320,"235,231,520"
321,"820,060,705,033,520"
322,"090,550,534,742,220,740,090"
324,"850,092,741,838,798,740,621"
325,"550,060,032,904,740"
326,"317,727,002,220,520"
327,"824,002,061,740,224"
328,"550,001,482,621/740"
329,"165,368,002,401"
331,"820,002,235,240,231,466/520,706,760,033/740,809,308,125,390,817,953"
332,"741,228,374,002,034,390"
333,"367,390,710,002,861"
334,"920,401,692,060,255"
335,"575,031,002,003,390"
336,"575,031"
337,"032,220,240,033,812,740"
338,"125,390,741,176,740"
339,"831,617"
340,"820,060,061,740"
341,"235,415,220,520"
342,"215,740"
343,"215,740"
344,"493,850,002,803,241"
345,"491,850,002,803,241"
346,"840,461"
349,"645,003,820"
352,"920,060,741,235,904,740"
353,"861,002,519,740"
354,"142,157"
355,"698,861,002"
356,"698,861,002"
357,"176,156"
363,"125,906,002,236,845,407,729,740"
364,"140,919,520,360,861,002,235,231,705,033,032,877,740"
365,"140,920,820,032,125,420,595,400"
366,"820,001,806,240,472,806,100,740"
367,"031,502,002,806,240,520,001,003"
368,"632,705,385,388,002,803,235,220,590,405,740"
369,"235,770,717,740,090"
370,"104,064,820"
371,"817,002,503,007,740"
372,"920,060,745,415,100,740"
373,"817,002,354,740"
374,"550,060,415,220,705,033,550,527"
375,"055,745,104,263,003,422"
378,"920,060,742,806,415,220,240,255,435,690,740"
379,"806,798,233,388,444,740,904,832"
380,"467,806,154,032,384,142,617"
381,"820,001,176,605,338,740"
383,"503,615,003,900,740"
384,"820,002,032,220,233,100,740"
385,"717,533,861,002,176,100,740"
386,"235,240,255,435,690,740"
387,"590,740,746,001,005,407"
388,"353,460,798,154"
389,"322,920,740,001,003,137"
390,"820,002,798,032,220,055,740"
391,"142,617"
392,"145,617"
393,"820,002,803,003,900,740"
394,"820,002,004,407"
395,"137,001,004,405"
396,"920,060,742,798,032,226"
397,"519,740"
398,"031,383,861,740"
399,"820,060,626,605,250"
400,"717,533,861,002,805,233,003,793,740,686,845,405"
401,"806,032,220,590,405,740"
402,"540,002,806,240,017,575,740,679"
403,"706,033,001,752,740"
404,"798,415,220,520"
405,"550,060,235,630,794,904,832,233,630,204"
406,"233,055,752,740"
407,"323,920,740"
408,"235,706,033,055,740"
409,"820,002,001,142,617"
410,"003,550,617"
411,"426,033,001,100,179,615,494"
412,"095,520,063,407"
413,"005,405"
414,"806,235,240,923,740"
416,"380,742,235,923,740"
417,"817,002,061,407"
418,"806,740,045"
420,"272,033,744,240,233,840,390"
421,"415,220,140,625,031"
424,"832,256"
425,"016,405,001,255,324"
427,"405,004,747"
431,"792,740"
438,"920,060,741,415,100,740"
440,"003,156"
442,"705,033,590,390,740"
443,"705,033,590,390,740"
447,"820,002,590,390,740"
448,"100,740"
449,"235,176,740"
453,"706,167"
454,"706,167"
460,"861,002,220,840,032,740"
462,"255,435,690,740"
464,"510,740,621"
466,"630,740"
467,"630,740"
468,"630,740"
470,"630,740"
471,"104,645,590,235,240,740,090"
472,"104,645,590,235,240,740,090"
473,"104,645,590,235,240,740,090"
474,"104,645,590,235,240,740,090"
475,"798,415,220,740,400"
476,"798,415,220,740,400"
478,"473,806,158,400"
479,"350,460,798,904,740,400"
480,"817,002,191,415,100,740"
481,"806,235,590,405,740,400"
482,"220,100,740"
485,"142,617"
488,"004,700,097,400"
489,"004,700,097,400"
490,"004,700,097,400"
491,"815,718"
492,"540,060,803,740,103"
493,"803,740,400"
499,"235,520"
500,"615,740,090"
502,"235,520"
504,"140,136,400,255,435,055,617"
505,"016,840,002,803,140,850"
506,"016,840,002,803,140,850"
509,"255,070,741,150,221,840,032"
510,"741,904,740,820,032,017,904,415,100,921"
511,"838,798,176,740,151,697,390"
512,"838,798,176,740,151,697,390"
513,"070,741,150,267,840,032"
514,"741,904,740,820,032,017,904,415,100,740"
516,"323,690"
517,"550,060,690,740"
519,"806,233,176,740"
520,"806,233,384,740"
522,"415,220,845,407"
523,"415,220,845,407"
524,"326,002,176,740,240,405"
525,"790,900,165"
526,"326,002,176,740,240,405"
527,"790,900,165"
528,"003,700,900,165"
529,"032,220,176,740"
530,"003,700,900,165"
531,"032,220,176,740"
532,"233,585,407"
533,"005,706"
534,"233,585,407"
535,"005,706"
536,"233,585,407"
537,"005,706"
538,"503,615,740"
540,"503,615,740"
542,"744,760,095,595,001,142,617"
543,"744,760,095,595,001,142,617"
545,"615,343,595"
546,"032,071,407"
547,"032,071,407"
1,"031,350,400,520"
10,"031,706,033,520"
18,"061,171,035,740,090"
30,"690,060,511,269,740"
32,"137,400"
33,"032,877,740"
34,"033,005,900,740"
35,"741,031,221,400"
36,"803,415,220,017,575,740"
39,"390,003"
40,"861,002,032,070,590,390,740"
41,"861,002,032,070,590,390,740"
43,"777,255,435,002,240,639,740"
45,"260,368,002"
46,"032,220,233,717,740"
50,"220,530/140"
53,"590,125,002,550,527"
54,"825,002,495,615,740"
55,"615,001,893,590,892,740"
60,"033,812,125,354,304,001"
63,"550,740,632,595"
67,"820,002,806,240,233,705,033,520"
72,"806,740,061,405"
77,"263,365,798,240,233,740,140,845,407"
78,"798,240,706,033,095,520"
79,"017,590,740"
83,"692,060,004,407"
84,"484,626,503,007,740"
86,"740,790"
87,"032,220,740"
88,"468,806,154"
89,"806,565"
90,"104,554,527"
91,"468,806,154"
97,"165,831,861,002,233,520"
103,"806,368,235,590,390,740"
104,"806,368,235,590,390,740"
105,"176,740"
106,"032,700"
107,"817,002,240,904,740"
108,"233,520,400"
109,"231,798,176,740"
110,"231,798,176,740"
112,"033,700"
113,"137,002,820"
114,"033,700"
119,"440,740,400,840,712"
120,"820,002,137,033,700"
123,"503,016,740,400"
124,"503,016,740,400"
129,"820,060,550,526"
130,"032,700"
131,"904,705"
132,"900,165,480,001"
133,"861,002,004,405"
134,"794,740"
136,"840,032,740"
137,"465,806,158"
139,"465,806,158"
141,"015,460,798,740"
142,"354,460,798,740"
144,"033,700"
145,"240,590,390,740"
149,"175,176,100,740,400"
150,"745,700"
151,"240,482,752,740"
154,"745,700"
157,"798,415,220,740,400"
159,"806,235,590,405,740,400"
160,"806,235,590,405,740,400"
161,"806,235,590,405,740,400"
162,"806,235,590,405,740,400"
163,"806,235,590,405,740,400"
165,"561,500,741,005,407"
166,"440,100,740"
167,"440,100,740"
169,"255,435,156,400"
170,"220,440,154,400"
176,"790,717,740"
178,"790,717,740"
179,"032,700"
180,"826,065"
181,"033,700"
182,"798,415,220,740,400"
183,"032,700"
187,"033,700"
188,"416,840,151"
189,"034,700"
190,"840,257,032"
192,"413,575,335,700,034"
193,"741,530,390,002,803,798,740"
194,"240,705,033,550,525,400"
195,"413,575,335,711,033,700"
196,"700,033"
197,"716,032,031,741,803,740"
198,"700,032"
199,"104,004,390"
200,"032,700"
201,"817,004,390"
202,"700,032"
204,"034,700"
205,"061,142,400,740"
206,"700,033"
207,"240,904,740"
210,"033,700"
214,"034,700"
216,"413,892,824"
217,"415,220,520"
218,"824,892,413"
219,"400,740,176,700,033"
220,"034,700"
222,"700,033"
223,"016,220,520,400"
224,"033,700"
225,"033,384,740,400"
227,"233,550"
228,"700,033"
229,"896,154,400"
230,"700,033"
231,"896,154,400"
232,"700,032"
233,"235,232,400"
234,"700,033"
236,"032,700"
237,"370,455"
240,"033,700"
241,"158,792"
242,"033,700"
243,"415,100,820,032"
244,"033,700"
245,"490,692,337,740"
246,"036,700"
247,"171,035,415"
248,"032,700"
251,"861,002,240,482,740"
252,"235,220,176,740"
253,"861,002,240,482,740"
254,"235,220,176,740"
255,"861,002,240,482,740"
256,"235,220,176,740"
258,"736,904,158,400"
259,"413,575,335,740,032,700"
260,"491,920,002,176,740,335,740,317"
261,"700,033"
262,"035,368"
263,"700,032"
265,"700,032"
266,"400,820,100,415"
267,"032,700"
268,"219,072,520"
269,"700,033"
270,"590,390,740,400"
271,"700,032"
272,"018,336,740,400"
273,"033,700"
274,"740,336,018"
275,"034,700"
276,"240,520"
278,"700,033"
279,"740,636,240,001,692"
280,"700,033"
281,"740,636,240,001,692"
282,"034,700"
283,"692,060,240,636,740"
284,"034,700"
285,"692,060,240,636,740"
288,"817,368"
289,"840,032,740"
290,"033,700"
292,"700,032,390"
293,"137,002,820"
295,"032,700"
296,"820,002,554,526"
297,"033,700"
298,"255,436,690,740,400"
303,"033,700"
304,"817,002,495,615,740"
305,"700,032"
306,"140,400"
308,"790,740,400"
309,"861,740,400"
310,"195,527,400"
314,"033,700"
315,"705,031,100,740,400"
317,"033,700"
318,"415,100,740"
319,"033,700"
321,"700,032"
322,"617,892,740,400"
323,"700,032"
324,"617,892,740,400"
327,"032,700"
328,"220,233,268,760,740"
329,"700,034"
330,"231,177,740"
331,"700,032"
332,"400,740,335,003"
333,"033,700"
334,"235,590,390,740"
335,"501,405,002,240,520"
336,"501,405,002,240,520"
337,"501,405,002,240,520"
338,"501,405,002,240,520"
339,"501,405,002,240,520"
340,"501,405,002,240,520"
341,"501,405,002,240,520"
342,"501,405,002,240,520"
343,"501,405,002,240,520"
344,"501,405,002,240,520"
345,"501,405,002,240,520"
346,"501,405,002,240,520"
347,"803,415,220,318,920,255,436,690,590,407,740"
348,"803,415,220,318,920,255,436,690,590,407,740"
349,"803,415,220,318,920,255,436,690,590,407,740"
350,"003,798,617"
351,"013,840,740,400"
352,"033,700"
353,"380,705,200"
355,"032,700"
359,"400,740,760,605"
360,"400,740,760,605"
361,"400,740,760,605"
362,"400,740,760,605"
367,"817,002"
368,"234,400"
369,"226,400"
370,"851,741,048,740"
372,"033,700"
374,"700,034"
375,"176,336,740,400"
376,"034,700"
377,"337,740,400"
378,"240,636,740,400"
379,"125,700"
382,"255,435,156,400"
383,"590,705,868"
384,"255,435,156,400"
385,"590,706,868"
388,"590,705,868"
389,"240,231,520,400"
390,"033,700"
391,"491,817,740,400"
396,"817,368,690,034,700"
397,"240,760,740"
398,"817,368,645,900,033,700"
399,"002,840,032,740"
400,"413,892,824"
401,"171,032,031,240,636,740,400"
402,"413,892,824"
403,"229,151"
410,"034,700"
411,"416,861,002"
412,"004,700,220"
413,"416,220,760,740,400"
414,"033,700"
418,"033,700"
419,"059,032,740,400"
420,"687,690"
421,"027,032,740,400"
422,"687,692"
424,"687,690"
425,"240,636,740"
428,"003,861"
429,"061,255,740"
430,"003,861"
431,"031,520"
432,"003,861"
433,"031,520"
434,"033,700"
435,"013,840,740"
436,"033,700"
437,"013,840,740"
438,"032,700"
440,"033,700"
441,"900,368"
442,"033,700"
443,"900,368"
444,"033,700"
445,"900,368"
446,"032,700"
447,"004,900,740"
448,"700,033"
451,"400,740,176"
452,"700,034"
453,"400,740,176"
454,"033,700"
455,"176,740,400"
456,"033,700"
457,"176,740,400"
458,"034,700"
459,"176,740,400"
461,"176,740,400"
462,"700,034"
463,"520,220,415"
464,"700,034"
465,"520,220,415"
467,"415,220,520"
468,"003,645,032,590"
469,"415,220,520"
470,"700,033"
471,"520,220,016"
472,"032,700"
473,"592,158,400"
474,"032,700"
475,"592,158,400"
476,"700,034"
477,"234,400"
478,"034,700"
479,"234,400"
480,"034,700"
481,"236,400"
482,"229,151,400"
483,"033,700"
484,"033,700"
485,"229,151"
486,"700,033"
488,"590,368,134,388"
489,"033,700"
490,"034,700"
491,"564,740"
492,"034,700"
494,"240,235,740,090"
497,"033,700"
498,"400,740,178"
499,"034,700"
500,"176,740,400"
501,"033,700"
503,"032,700"
504,"176,740,400"
505,"032,700"
509,"032,700"
510,"740,690,636,240"
511,"032,700"
512,"740,690,636,240"
513,"028,032,740,400"
514,"700,032"
515,"526,550,233"
516,"032,700"
526,"032,700"
527,"382,760,740"
528,"033,700"
529,"137,400"
532,"033,700"
533,"176,740,400"
534,"033,700"
535,"176,740,400"
538,"034,700"
539,"031,388,740"
540,"034,700"
541,"240,637,740,400"
544,"034,700"
545,"255,435,156"
547,"033,700"
549,"033,700"
550,"817,365,692"
551,"176,740,400"
552,"413,892,824"
553,"171,032,031,240,636,740,400"
563,"590,407,740"
564,"817,002,233,803,740"
565,"495,776,740,400"
566,"032,632,504,031"
568,"920,060,741,002,140,269,036"
569,"125,741,803,240,233,520"
571,"741,530,455,220,001,838,176,100,740"
573,"900,003,220,740,070"
574,"368,032,590,861,368,002,255,435,690,740"
575,"900,836,415,717,740"
577,"630,741,017,585,740"
579,"335,220,785,895,350,543,740,947/400,871"
580,"820,240/060,740,090"
581,"531,740"
583,"005,405"
584,"216,151"
585,"033,033,151,866"
586,"033,820,002,441,740"
587,"575,252,002,093,760,740"
588,"082,132,065,220,002,231,520"
590,"817,002"
591,"491,285,002,335,740,411,440"
595,"861,002,226"
596,"390,590"
597,"717,440,791,861,002,031,760"
601,"003,017,151"
602,"390,004"
603,"255,250"
608,"740,165,060,550"
609,"892,031,013,015"
611,"740,690"
612,"803,233,176,740"
615,"263,740,400"
616,"032,700"
617,"091,056,002,417,890,892"
618,"091,056,002,417,890,892"
619,"091,056,002,417,890,892"
620,"091,056,002,417,890,892"
621,"091,056,002,417,890,892"
622,"091,056,002,417,890,892"
623,"091,056,002,417,890,892"
626,"820,002,390,817,740"
629,"861,002,003,390"
631,"861,002,033,520"
644,"832,360,002,362,740,090"
646,"700,798,740"
653,"003,405"
659,"180,740"
666,"003,832,390"
671,"231,520"
672,"706,346,413,060,033,813,306,480,001,215"
673,"017,575,740"
675,"416,840,060,003,220,590,390,740"
686,"125,590,392,002,235,717,104,615,760,740"
689,"564,740"
690,"095,812,002,233,550,527"
692,"031,575,002,233,100,740,090"
694,"235,555,526"
696,"817,002,778,255,435,705,590"
700,"004,154"
702,"820,002,031,415"
704,"491,004,390"
705,"820,060,142,156"
2,"033,700"
3,"220,236,400"
4,"034,700"
5,"792,740,090"
6,"032,700"
7,"400,740,176,240"
10,"033,700"
18,"033,700"
21,"550,060,803,740"
29,"700,032"
30,"511,032,142"
33,"893,031"
34,"003,861"
35,"034,700"
36,"003,156"
38,"415,]220"
39,"601,700,032"
40,"861,002,920,817,408"
41,"034,700"
42,"176,156"
43,"034,700"
44,"176,156"
45,"033,700"
46,"091,368"
47,"140,741,097,161"
48,"440,740,400,840,712"
54,"034,700"
55,"690,154,400"
63,"034,700"
64,"235,740,151"
66,"033,255"
67,"033,590,416"
68,"817,002,001,004,405"
69,"550,060,705,255,740,090"
70,"317,272,637"
71,"861,002,004,407"
72,"440,740,400"
79,"034,700"
80,"003,861"
81,"003,154"
85,"098,400"
90,"347,741,176,740,090"
91,"032,700"
92,"491,817,740,400"
98,"861,002,470,806,154"
99,"700,824"
100,"240,152,740,400"
101,"347,741,176,740,090"
104,"033,617,003,154"
105,"415,100,740,090,400"
106,"034,700"
107,"236,400"
112,"700,034"
113,"226,400"
114,"415,220,520"
115,"575,869"
123,"034,700"
124,"900,365"
125,"102,792,176,415,100,740"
127,"892,590"
134,"032,700"
135,"741,032,840,700"
136,"740,797,688"
137,"400,137"
138,"700,034"
139,"033,033,520"
140,"003,861"
141,"034,700"
142,"003,156"
145,"032,700"
146,"690,158,400"
147,"904,002,001,032,]740"
153,"327,740,090"
154,"003,861"
157,"740,255,061"
158,"003,861"
159,"415,220,520"
160,"032,700"
161,"347,741,176,740,090"
162,"025,032,690"
163,"681,740,400"
164,"034,700"
165,"003,861"
166,"003,156"
167,"003,861"
168,"034,700"
169,"003,156"
170,"003,861"
171,"034,700"
172,"003,156"
173,"003,861"
174,"034,700"
175,"003,156"
176,"415,220,520"
177,"003,645,032,590"
180,"034,700"
181,"003,861"
182,"003,156"
183,"003,861"
184,"034,700"
185,"003,156"
186,"034,700"
187,"003,861"
188,"003,156"
189,"034,700"
190,"003,861"
191,"003,156"
192,"003,861"
193,"034,700"
194,"003,156"
195,"034,700"
196,"003,861"
197,"003,156"
198,"003,861"
199,"034,700"
200,"003,156"
201,"003,861"
202,"034,700"
203,"003,156"
204,"003,861"
205,"034,700"
206,"003,156"
207,"003,861"
208,"034,700"
209,"003,156"
210,"003,861"
211,"034,700"
212,"003,156"
213,"003,861"
214,"034,700"
215,"003,156"
216,"034,700"
217,"276,817,740,400"
218,"033,700"
219,"831,892,400"
226,"240,705,033,550,525,400"
227,"413,575,335,711,033,700"
230,"033,700"
231,"142,151,400"
232,"034,700"
233,"003,861"
234,"003,156"
235,"034,700"
236,"025,032,740"
245,"700,032,032"
246,"033,033,520"
249,"034,700"
250,"003,861"
251,"003,156"
254,"347,741,176,740,090"
257,"347,741,176,740,090"
259,"347,741,176,740,090"
260,"370,031,745,013,840,740"
261,"347,741,176,740,090"
263,"413,892,824"
267,"176,156"
268,"034,700"
271,"003,861"
272,"416,740"
275,"692,700,318,920,740"
276,"176,156"
277,"034,700"
280,"617,892,740,400"
281,"820,001,060,869"
286,"034,700"
287,"221,158"
288,"235,240,740,090"
289,"220,032,590,690"
292,"235,240,740,090"
293,"220,032,590,690"
294,"717,740,400"
297,"440,740,400,840,712"
305,"415,220,520"
306,"415,220,520"
311,"240,705,033,550,525,400"
312,"413,575,335,711,033,700"
313,"033,700"
314,"352,400,520,400"
317,"031,156"
318,"032,220,240,233,520"
319,"033,700"
320,"140,061,740,400"
321,"032,700"
322,"494,003,158"
323,"705,717,388,740,400"
324,"700,032"
328,"740,690"
329,"032,700"
330,"220,236,400"
333,"061,142,400,740"
334,"033,700"
335,"740,790,032"
337,"140,920,055,001,125,920,700,326,090"
340,"700,034"
341,"740,790,032"
344,"235,220,176,740"
345,"861,002,240,482,740"
346,"700,034"
347,"255,435,690,740"
348,"692,060,798,240,233,904,740"
353,"817,002,540,740"
355,"700,033"
356,"526,550,233"
365,"817,002,003,390"
0,"013,840,740"
1,"235,482,740"
3,"166,111,060,240,798,740"
5,"920,060,741,590,406,740"
6,"861,368,480,003,390"
8,"233,176,740"
9,"720,405,065,060,001,003,422"
10,"406,390,892,104"
11,"220,100,151"
12,"626,861,002,315,520"
13,"817,002,233,740,090"
14,"003,156"
15,"390,590,151"
16,"634,741,220,236,440,411"
17,"392,861,002,176,740,233,388,527"
18,"055,798,002,190,409"
19,"390,741,032,685/226,865"
20,"235,231,555,527"
21,"527,550"
22,"233,176,740"
23,"740,912"
25,"550,740"
26,"840,032,740"
27,"740,861,140"
40,"221,002,231,806"
41,"820,002,240,806,740"
45,"002,825,060,032,220,233,840,032,740"
46,"262,615,063,001,005,405"
47,"861,002,235,555,527"
48,"140,407,060,003,423"
50,"817,002,832,255,070,520"
55,"015,409"
56,"519,415,220,520"
57,"063,032,790,700,390"
58,"005,154"
64,"235,240,904,740"
65,"590,540,002,605,760,740"
67,"920,060,803,032,220,904,590,407,740"
68,"031,056,705,575"
70,"140,032"
71,"820,060,443,740,550,527"
72,"705,500,741,001,055,220,740,090"
73,"705,500,741,001,055,220,740,090"
74,"705,500,741,001,055,220,740,090"
75,"705,500,741,001,055,220,740,090"
76,"705,500,741,001,055,220,740,090"
77,"861,002,236"
78,"861,002,236"
81,"617,002,240,220,233,520"
88,"692,031,001,015,140"
89,"920,060,004,220,388,740"
91,"550,002,415,390"
92,"705,033,520"
97,"817,002,048,740"
98,"817,002,048,740"
99,"817,002,048,740"
100,"817,002,048,740"
101,"817,002,048,740"
102,"817,002,048,740"
103,"817,002,048,740"
104,"817,002,048,740"
105,"817,002,048,740"
106,"817,002,048,740"
119,"705,500,741,001,055,220,740,090"
123,"705,500,741,001,055,220,740,090"
127,"705,500,741,001,055,220,740,090"
130,"705,500,741,001,055,220,740,090"
143,"705,500,741,001,055,220,740,090"
144,"820,002,482,740"
156,"703,090,740"
157,"920,060,741,821,740"
158,"111,590,317"
159,"575,220,060,032,226,233"
160,"861,002,031,100"
173,"156,031,240"
177,"091,840,413,831"
179,"740,005"
182,"046,032/031,741"
183,"171,035"
185,"480,001,235,482,406/740,742"
186,"480,142,740"
189,"740,176,002,861"
201,"679,740,575"
202,"798,017,575,740,679"
203,"004,390"
204,"861,002,415,220,705,033,520"
205,"861,002,176,151"
206,"091,500,741,240,416,840,740"
207,"235,550,527"
208,"740,952,240/740,760,740"
209,"388,527"
210,"617,703,400"
211,"235,740,565"
214,"817,002,506"
215,"806,233,845,407"
217,"003,390"
218,"920,060,741,440,740"
219,"033,810,892,269,002,240,845,032,740"
220,"235,798,740"
221,"031,125,455,220"
222,"550,060,679"
223,"545,908,101,740,090"
225,"146,924,161"
226,"705,820,831,740"
229,"415,900,158"
230,"817,002,142,617"
231,"003,407"
232,"595,803,153"
235,"158,032"
236,"690,435,760,740,400"
238,"032,390,741,001,760,194/740,740,817"
239,"820,002,350,543,550/740,001,368"
241,"821,740"
244,"692,001,467,806,155"
245,"617,741,176,100,740"
246,"820,002,844,390,621"
247,"391,595,850,480,001,706/821,501,368"
248,"698,401"
249,"468,806,154"
250,"803,504,595,002,240,832,255,070,760,740"
251,"016,853,090,440,760,740"
252,"032,632,125,190,002,617,600,390"
253,"920,204,595,001,752,740"
254,"861,002,003,390"
255,"820,002,032,921,072,760,740"
256,"176,740,140,840,064"
257,"590,033,455,031,012,031,220,286,002,255,435,125"
258,"518,002,142,604,740"
259,"250,031,001,518,081,892,400"
260,"806,798,415,220,790,900,740"
261,"171,035"
262,"012,440,001,820,002,032,382,520"
266,"683,861,002,231,222,740,090"
267,"844,390"
268,"191,740"
269,"817,002,555,527"
270,"844,390,400"
272,"630,740"
274,"233,804,400"
275,"920,060,741,042,740"
276,"746,130,400"
277,"861,002,605,760,740"
278,"142,617"
279,"550,527"
280,"892,741,235,240,151"
281,"033,093,002,705,632,140,480,031,215"
282,"861,002,240,519,760,740"
285,"176,740"
287,"820,002,042,740"
288,"233,520"
289,"817,002,176,740"
290,"803,161"
291,"440,741,240,220,520"
292,"235,798,740"
293,"029,032"
294,"817,002,220,520,621"
296,"125,705,320,002,803,233,773,740"
297,"031,371,405"
298,"817,368,503,017,760,740"
299,"097,151"
301,"503,615,752,740"
302,"861,002,240,495,615,740"
303,"740,760,440,240,220,002,861"
304,"820,002,521,400,031,064"
306,"309,165,001,003,427"
308,"556,066,240,636,740"
309,"817,002,240,415,100,740,090"
311,"220,017,585,095,520,032,407"
312,"820,060,235,240,923,740"
315,"806,845,061,407,850,900,740"
316,"003,158,400"
318,"032,840,002,268,760,740"
319,"371,031,741,844,390"
320,"820,002,220,032,220,803,740"
321,"820,060,235,240,455,740"
322,"235,233,555,527,400"
324,"817,002,049,760,740"
325,"705,255,435,798,002,061,142,400,740"
327,"817,002,017,585,740"
330,"031,592"
332,"590,820"
333,"142,156"
334,"415,100,740"
335,"003,156"
336,"503,615,752,740"
337,"806,923,740"
338,"920,156,002,003,140,100,740"
340,"575,590,741,240,520"
341,"856,002,032,220,740,565,001,416"
342,"240,503,017,740,400"
344,"140,900,390,741,838,740"
345,"140,746,142,617"
346,"002,861,096"
347,"175,520"
348,"503,615,740"
349,"820,001,202,645"
350,"690,323"
351,"550,060,690,740"
352,"861,002,176,740"
353,"017,585,740"
354,"031,156"
356,"590,405,740"
357,"097,151"
358,"745,171,032,031"
361,"001,220,140,416,031,565"
364,"920,060,176,222,413/740,575,791"
365,"605,700,032,032/226,865"
366,"235,240,055,151"
367,"820,002,803,322,920,390"
368,"920,060,741,240,350,504"
369,"590,892"
371,"140,919,520,032,861,002,219,070,520"
372,"920,060,741,592"
373,"920,060,741,590,390,151"
374,"820,060,231,798,740"
375,"861,700,031,243,617"
376,"235,388,740"
377,"240,772,740"
378,"891,060,032,226"
379,"861,002,132,924"
380,"407,005"
381,"326,252,268,360"
382,"016,390"
383,"390,090,390,176,740"
384,"323,920,390"
385,"140,176,740,400"
387,"850,031"
388,"031,003,156"
390,"817,002,235,706,033,555,527"
394,"391,595,850,480,001,821"
395,"703,615,740"
396,"817,033,927,740"
397,"031,240,100,740"
398,"260,368,002,455,740"
399,"705,167"
400,"705,167"
401,"391,595,850,480,001,821"
406,"061,151"
407,"891,060,031,484,337,740"
409,"768,002,840,032,740"
411,"803,798,415,220,001,760,740"
412,"861,297,820"
414,"104,645,590,235,240,740,090"
415,"142,002,032,220,904,740"
416,"322,690"
417,"550,060,690,740"
420,"692,060,705,033,923,740"
421,"820,002,003,390"
423,"861,002,240,637,740"
424,"832,861,002,798,740,233,072,520"
425,"572,060,032,761,350,298"
426,"219,151"
428,"892,031,002,031,055,821,368"
429,"240,838,585,740,400"
433,"817,002,005,390"
434,"069,002,031,061,171,035,740,090"
437,"415,220,717,740"
438,"692,252,002,061/156,151"
439,"278,220,958,741,838,240,032,220,070,520"
441,"032,632,892,350,296,790/400"
442,"503,460,740"
443,"877,003,156"
444,"003,390"
445,"820,002,531,390,621"
446,"906,741,240,255,435,690,740"
447,"003,140,100,740,400"
449,"861,455,740,840,032,740"
450,"121,740,001,031,240,520"
453,"820,002,032,220,240,055,161"
454,"817,002,004,390"
457,"240,415,220,520"
459,"861,002,798,415,220,705,033,752,031,590,407,740"
460,"176,740,832,241"
463,"233,520"
464,"820,060,220,798,740"
465,"692,060,235,240,226"
466,"617,741,004,390"
468,"260,368,241,900,817"
469,"220,840,032,740"
470,"220,798,550,527"
473,"240,639,740"
474,"820,002,388,740"
475,"803,335,760,740"
476,"555,527"
478,"240,235,083,740"
479,"877,061,740"
480,"003,220,520"
481,"859,741,384,740"
482,"820,002,001,474,806,154"
484,"236,705,033,061,405"
487,"201,060,032,590,390,740"
488,"004,900"
489,"861,002,004,390"
490,"762,741,031,350,400,520"
491,"013,840,740"
492,"817,002,004,390"
493,"260,004,390"
494,"692,060,031,741,165"
497,"817,002,019,760,740"
498,"503,615,752,740"
500,"510,460,740"
501,"005,140,820,032"
502,"049,740"
503,"791,252,741,510,460,033/740,617,450"
504,"820,002,176,415,100,740"
505,"231,255,435,690,740"
506,"479,749"
507,"717,740"
508,"240,013,840,740,400"
509,"803,233,520,400"
511,"353,460,742,798,235,455,740"
512,"125,861,740"
513,"005,390"
514,"032,125,610,002,240,233,705,033,520"
515,"240,013,840,740,400"
516,"315,063,220,255,260/220,760,740"
517,"235,803,740"
519,"820,060,235,233,705,033,520"
520,"013,840,740"
521,"742,806,415,220,717,904,100"
522,"798,240,845,063,407"
523,"511,455,002,005,390"
525,"240,233,740,679"
526,"817,368,220,520"
527,"798,705,033,840,032,740"
528,"255,740"
529,"003,422"
530,"705,033,923,740,001"
531,"817,002,590,390,740"
532,"820,717,002,032,220,255,435,690,740"
535,"920,060,742,440,001,100,740"
537,"255,070,741,003,645,740"
540,"760,740"
541,"503,017,740"
2,"250,003,111"
1,"556,534"
2,"003,405"
4,"700,032"
7,"034,700"
8,"221,740,151"
10,"034,700"
11,"222,740,151"
12,"034,700"
13,"222,740,151"
14,"004,700"
15,"832,255,070,520"
18,"240,705,033,550,527,400"
19,"032,420,455,002,061,740"
20,"067,171"
21,"033,700"
22,"240,520"
23,"700,033"
24,"255,435,690,740"
27,"034,700"
28,"416,861,002"
29,"032,700"
30,"390,155,004,390"
31,"098,400"
37,"233,520,400"
41,"140,156"
43,"590,705,861"
44,"550,525,400,034,700"
45,"031,101,740,090"
46,"637,740,400"
47,"840,032,740"
48,"840,032,740"
50,"861,002,590,390,740"
55,"033,111"
57,"033,700"
58,"028,032,740,400"
64,"032,700"
65,"791,176,740,400"
66,"700,034"
67,"027,032,740,400"
68,"033,700"
69,"400,740,176,519"
71,"003,550,617"
74,"032,700"
75,"090,400,740,090,400"
77,"413,892,824"
78,"141,740,400"
79,"700,032"
80,"118,153,400"
82,"031,388,740"
83,"590,892,350,298"
84,"033,700"
85,"233,236,400"
87,"033,711,335,575,413"
95,"032,700"
96,"840,032,740,400"
99,"032,700"
100,"798,240,235,320,275,740,400"
101,"700,032"
102,"055,255,435,692,740"
108,"235,240,740,090"
113,"740,400"
114,"033,700"
115,"231,390,100,740,090,400"
120,"156,924,705,740,851"
121,"413,575,335,711,033,700"
126,"849,742,519"
127,"176,740,400"
133,"220,142,590,455"
134,"504,350,741,060,920"
137,"467,806,154,400"
138,"033,700"
139,"705,630,175,100,740"
140,"031,850,032"
141,"861,002,175,752,740"
143,"698,400"
144,"032,700"
145,"235,705,033,176,740"
146,"255,436,690,740"
147,"700,033"
148,"137,400"
149,"700,032"
150,"817,002,062,142,740"
152,"832,255,070,752,740"
153,"415,240,495,460,752,740"
155,"480,805,158"
165,"235,520"
172,"416,861,002"
173,"034,700"
174,"470,838,158"
175,"360,293,002,003,405"
176,"034,700"
177,"554,525,400"
178,"408,003"
179,"546,002,140,061,142,033/740,033"
180,"004,700"
181,"097,151,400"
182,"700,032,032"
183,"033,033,520"
186,"033,031,700"
187,"027,032,740,400"
188,"700,033"
189,"803,233,176,435,690,740"
190,"220,032,590"
193,"820,002,003,390"
194,"240,705,033,550,525,400"
195,"413,575,335,711,033,740"
198,"034,700"
199,"097,400"
200,"033,700"
201,"025,032,740,400"
204,"681,690"
205,"014,032,740,400"
209,"034,700"
210,"032,255,740"
211,"032,700"
212,"137,400"
215,"034,700"
216,"201,060,031,176,740"
217,"255,435,156,400"
218,"590,705,868"
221,"034,700"
222,"400,740,798,365,415,001"
227,"032,700"
228,"255,204,540,740"
229,"220,705,033,550,525,400"
230,"413,575,335,711,033,700"
231,"400,740,388"
232,"368,091"
237,"014,700"
239,"125,700"
240,"034,700"
241,"027,032,740,400"
246,"790,003,550,617"
248,"692,060,061,760,740"
249,"034,700"
250,"416,861,002"
251,"235,240,740,090"
254,"033,061,142,400,740"
256,"003,700"
257,"868,706,590"
258,"400,156,435,255"
259,"033,700"
260,"552,840,760,740"
261,"876,032,578,415"
266,"700,033"
267,"235,923,740"
269,"347,741,176,740,090"
271,"032,700"
272,"032,854,400"
273,"360,257"
275,"617,892,740,400"
276,"820,060,869"
277,"382,220,016"
283,"034,700"
284,"692,060,240,603,740"
285,"156,924,705,740,851"
286,"413,575,335,711,033,700"
287,"061,840/740,413,682"
288,"156,924,705,740,851"
289,"413,575,335,711,033,700"
290,"034,700"
292,"235,240,740"
294,"033,700"
295,"003,861"
296,"003,156"
297,"840,032,740"
307,"700,033"
308,"176,740"
309,"852,400"
324,"001,033,415,175,740"
325,"176,740"
336,"235,220,176,740"
337,"861,002,240,482,740"
338,"503,017,740,400"
339,"824,002,240,033,033,760,740"
340,"033,700"
341,"900,368"
348,"503,016,740,400"
352,"792,740,090"
353,"034,700"
355,"851,741,048,740"
356,"413,575,335,711,033"
357,"240,520"
358,"034,700"
359,"033,700"
361,"475,806,158,400"
362,"240,176,740,400"
366,"032,700"
367,"798,017,575,740,400"
0,"851,741,048,740"
1,"413,575,335,711,033,700"
6,"861,002,003,220,760,151"
11,"176,100,740"
14,"033,700"
16,"740,785,004"
17,"255,033"
18,"033,590,416"
19,"004,220,700"
20,"416,220,767,740,400"
22,"032,700"
23,"220,550,525"
25,"002,005,405"
26,"700,033"
27,"240,904,740"
28,"032,700"
29,"032,226,400"
30,"016,220"
31,"001,900,165,400,255,400"
32,"550,115,032,595,820"
33,"066,741,103,740,090"
34,"803,415,231,706,033,520"
82,"630,740"
83,"491,920,002,176,740,335,740,317"
84,"413,575,335,740,032,700"
85,"700,032"
86,"740,031,001,140"
88,"700,033"
89,"435,003,550"
91,"550,060,003,390"
92,"036,700"
93,"171,033,700,415"
98,"550,060,590,390,740"
99,"005,405"
104,"034,700"
105,"140,061,740,400"
106,"700,032"
107,"740,031,001,140"
111,"032,700"
112,"829,617,400"
115,"034,700"
118,"590,706,868"
119,"255,435,156,400"
121,"700,033"
122,"137,400"
123,"034,700"
125,"034,700"
126,"590,741,371,455,004,390"
129,"700,034"
130,"516,775,400"
131,"034,700"
132,"220,176,740,565"
5,"806,055,740"
15,"033,700"
21,"220,240,740,090"
22,"720,033"
25,"400,154,440,220"
26,"415,220,520"
27,"415,578,032,168"
28,"552,840,714,740"
29,"034,700"
32,"033,700"
33,"219,740,804"
38,"032,001,904,031,740"
39,"032,700"
40,"032,001,904,031,740"
43,"390,035"
44,"905,745,004,405"
45,"868,705,590"
46,"255,435,156,400"
48,"495,776"
49,"550,060"
50,"003,220,740,090,400"
54,"231,151"
60,"400,031,384,156"
62,"820,002,005,900,740"
65,"554,740"
66,"032,700"
67,"831,892,400"
69,"705,167"
70,"034,700"
71,"176,740,400"
76,"032,700"
77,"678,400"
79,"700,032"
80,"156,176,741,060,920"
81,"400,520,220,016"
83,"861,002,798,320,920,017,575,740,400"
84,"033,700"
85,"176,740,400"
86,"240,233,503"
91,"033,700"
92,"032,140,156,400"
93,"034,700"
94,"176,740,400"
95,"400,740,760,605"
97,"400,740,176"
98,"033,700"
106,"032,700"
107,"382,740,400"
108,"034,700"
109,"255,435,154"
116,"032,700"
117,"817,002,240,904,740"
118,"098,400"
119,"032,700"
120,"220,520"
123,"861,002,103,740,090"
125,"840,740"
130,"820,798,740"
132,"700,033"
134,"803,415,220,318,920,255,436,690,590,407,740"
135,"003,140,100,740"
136,"032,862,002,520,500,220"
137,"220,315,921,070,760,740"
138,"413,892,824"
139,"924,740"
141,"240,233,520"
142,"455,740,400"
